{
    "accuracy": 0.9400544959128065,
    "precision": 0.8688524590163934,
    "recall": 0.6794871794871795,
    "auc": 0.9304538054538055
}
