{
    "accuracy": 0.9409627611262489,
    "precision": 0.8760330578512396,
    "recall": 0.8760330578512396,
    "auc": 0.9305318138651473
}